V_actual,OMEGA_actual,V_ref,OMEGA_ref
1.3428889950233337e-06,7.655963239167391e-06,0,0
1.3429208147200885e-06,7.656153259380141e-06,0,0
1.3429208147200885e-06,7.656153259380141e-06,0,0
1.3429634529989382e-06,7.656407885920815e-06,0,0
1.3429844549760333e-06,7.656533305095522e-06,0,0
1.3430162736056507e-06,7.656723318786388e-06,0,0
1.3430589070135265e-06,7.656977915926867e-06,0,0
1.3430799148865924e-06,7.657103369824478e-06,0,0
1.3431117348017829e-06,7.657293390964308e-06,0,0
1.3431543755159128e-06,7.657548031159403e-06,0,0
1.343175376353444e-06,7.65767344311756e-06,0,0
1.3432071981420978e-06,7.657863475143778e-06,0,0
1.34323901751968e-06,7.65805349271719e-06,0,0
1.3432708407281752e-06,7.65824353288467e-06,0,0
1.343313481786866e-06,7.658498174422951e-06,0,0
1.3433344824246833e-06,7.658623584983987e-06,0,0
1.3433771248152361e-06,7.658878234204337e-06,0,0
1.3434089470270437e-06,7.659068268094474e-06,0,0
1.3434299522565165e-06,7.659193705679546e-06,0,0
1.3434725957777898e-06,7.659448361332335e-06,0,0
1.343493601034158e-06,7.659573798934803e-06,0,0
1.3435254242909158e-06,7.659763838645921e-06,0,0
1.3435572462619744e-06,7.659953870804528e-06,0,0
1.3435998909193784e-06,7.660208532630697e-06,0,0
1.3436208950805353e-06,7.660333963616277e-06,0,0
1.3436527208220454e-06,7.660524017607838e-06,0,0
1.34368454770452e-06,7.66071407856806e-06,0,0
1.3437271891448312e-06,7.660968720773863e-06,0,0
1.3437481979321748e-06,7.661094178875585e-06,0,0
1.3437908424850038e-06,7.661348839253777e-06,0,0
1.3438118457186745e-06,7.66147426448134e-06,0,0
1.3438436732986436e-06,7.661664328855807e-06,0,0
1.343886321357031e-06,7.661919009805552e-06,0,0
1.3439181508376992e-06,7.662109085484329e-06,0,0
1.3439499753278863e-06,7.66229913141324e-06,0,0
1.3439709806358066e-06,7.662424568402415e-06,0,0
1.3440136330594924e-06,7.662679274769195e-06,0,0
1.3440346342321171e-06,7.66280468712501e-06,0,0
1.344066464657207e-06,7.662994767853339e-06,0,0
1.3440982912519286e-06,7.663184825761195e-06,0,0
1.3441409428812809e-06,7.663439527144797e-06,0,0
1.3441619479514741e-06,7.663564962251665e-06,0,0
1.3442046006350415e-06,7.663819669551703e-06,0,0
1.3442364304910864e-06,7.664009746468662e-06,0,0
1.3442682623078997e-06,7.664199834905723e-06,0,0
1.3443000862028734e-06,7.664389876266559e-06,0,0
1.3443210966986498e-06,7.664515343244857e-06,0,0
1.3443529254824151e-06,7.664705413623562e-06,0,0
1.344384756552866e-06,7.664895497193767e-06,0,0
1.3444165919003248e-06,7.665085606156463e-06,0,0
1.344448418711377e-06,7.665275664387308e-06,0,0
1.3444802562686852e-06,7.665465786405284e-06,0,0
1.3445229043168628e-06,7.665720464893792e-06,0,0
1.3445547370230825e-06,7.665910557791536e-06,0,0
1.344575743487091e-06,7.666036000498012e-06,0,0
1.3446075788649267e-06,7.666226109092345e-06,0,0
1.3446394092435475e-06,7.666416187949523e-06,0,0
1.3446712437427655e-06,7.66660629116106e-06,0,0
1.3447030750482888e-06,7.666796375362276e-06,0,0
1.3447349067824446e-06,7.666986461918748e-06,0,0
1.34476674175104e-06,7.667176567876002e-06,0.2,0.0
1.3447985756833979e-06,7.66736666723909e-06,0.2,0.0
1.3448412300843614e-06,7.667621382161464e-06,0.2,0.0
0.08890220524607079,4.397174506778193e-05,0.2,0.0
0.1455046297438199,2.6061176367940102e-05,0.2,0.0
0.20013653714867946,0.00012594687985519553,0.2,0.0
0.19905927038038115,0.0002405927255000369,0.2,0.0
0.19978341399323166,0.0001464456543788869,0.2,0.0
0.19992959763308407,8.533627655208954e-05,0.2,0.0
0.20023424699524858,4.172150674738965e-05,0.2,0.0
0.20028947280582174,5.560871581445017e-05,0.2,0.0
0.19935157538316517,0.0003151075692672739,0.2,0.0
0.19974799538386936,0.0001958567287310011,0.2,0.0
0.19996696449582393,6.681708523295867e-05,0.2,0.0
0.20011248306973406,9.698124930918658e-05,0.2,0.0
0.2003177133490599,2.4388898672303702e-05,0.2,0.0
0.19990649244567124,0.00021821520193768634,0.2,0.0
0.19970873081724644,0.00023500410597444458,0.2,0.0
0.19984502550594646,0.0001341083856643491,0.2,0.0
0.20006598331656042,0.00013609848861548474,0.2,0.0
0.200291626073047,2.2151531493193042e-05,0.2,0.0
0.20008748982104602,0.000360396923365805,0.2,0.0
0.19982376658286505,0.0002239272533047846,0.2,0.0
0.19980507904121383,0.00015819925063473533,0.2,0.0
0.20010589100949044,9.853090333061819e-05,0.2,0.0
0.2002571303201361,2.8720774979716518e-05,0.2,0.0
0.20016510154139652,0.00019402079352829176,0.2,0.0
0.199690081669026,0.00019025244428650455,0.2,0.0
0.1998388851223922,0.00013687584373317115,0.2,0.0
0.20005761163398733,0.00015652202207701836,0.2,0.0
0.20021769250109525,4.170656890542166e-05,0.2,0.0
0.2001028329707847,0.000442616143978229,0.2,0.0
0.19975977884574456,0.0003097562047129436,0.2,0.0
0.19973530144232748,0.00020193469562255359,0.2,0.0
0.2000237472025127,9.157552415668476e-05,0.2,0.0
0.20025145699858862,2.805511793007264e-05,0.2,0.0
0.20027205302802786,6.893093341481225e-05,0.2,0.0
0.19901134042413393,0.0009432503025979278,0.2,0.0
0.1997098811907133,0.00021862687919074132,0.2,0.0
0.19990548743207673,9.551769787692347e-05,0.2,0.0
0.2002114966904583,4.1818065500019943e-05,0.2,0.0
0.20030920176894706,2.221551116717319e-05,0.2,0.0
0.19975788618015514,0.0008044467444725164,0.2,0.0
0.19973094727013935,0.00020422676305129943,0.2,0.0
0.19986315920513176,0.00012112221325178104,0.2,0.0
0.20008769544419844,0.00010487982534316508,0.2,0.0
0.20027831715296796,5.9180530308765196e-05,0.2,0.0
0.20003596664890236,0.00095752029453466,0.2,0.0
0.19974311145172066,0.0002450125924726996,0.2,0.0
0.16797075203693063,0.001004662657663894,0.0,-0.3141592653589793
0.06997564632624986,0.000450146243395429,0.0,-0.3141592653589793
0.02240994391815965,-0.16867382612136406,0.0,-0.3141592653589793
0.0028191813047540974,-0.3134703500575906,0.0,-0.3141592653589793
0.002823488244836399,-0.3136625582033379,0.0,-0.3141592653589793
0.0028307131368564132,-0.3139503245111244,0.0,-0.3141592653589793
0.002838405572630749,-0.31434177541237857,0.0,-0.3141592653589793
0.002842006756146685,-0.3146205603913945,0.0,-0.3141592653589793
0.002842707486959721,-0.3147814352486516,0.0,-0.3141592653589793
0.002827639156150413,-0.31475482393658355,0.0,-0.3141592653589793
0.0028137308798046093,-0.31439742667013565,0.0,-0.3141592653589793
0.0028033950361589315,-0.3141032066384156,0.0,-0.3141592653589793
0.002774128027684835,-0.3133753040210999,0.0,-0.3141592653589793
0.001697211842943262,-0.283037587997087,0.0,-0.3141592653589793
0.002474081046083969,-0.3025821642783416,0.0,-0.3141592653589793
0.002750596255165804,-0.3117963188420254,0.0,-0.3141592653589793
0.0027712883770950256,-0.31123712612647914,0.0,-0.3141592653589793
0.0027701362510157653,-0.3111031502060706,0.0,-0.3141592653589793
0.002791700571600351,-0.31118605743062994,0.0,-0.3141592653589793
0.002794287431910357,-0.3113493413288448,0.0,-0.3141592653589793
0.002798249950386883,-0.3116251891526296,0.0,-0.3141592653589793
0.0028024706796582403,-0.3119140835962801,0.0,-0.3141592653589793
0.002807059815135707,-0.31220482549086725,0.0,-0.3141592653589793
0.002812304105396582,-0.3124928047453747,0.0,-0.3141592653589793
0.002817422952432205,-0.31278164533592856,0.0,-0.3141592653589793
0.0028224551748520805,-0.31307477824535723,0.0,-0.3141592653589793
0.0028300272712018237,-0.3134707716501311,0.0,-0.3141592653589793
0.0028368279580717045,-0.3137652343411858,0.0,-0.3141592653589793
0.0028441625541107663,-0.31405517153251766,0.0,-0.3141592653589793
0.0028481174775471527,-0.31425348069884534,0.0,-0.3141592653589793
0.0028531969731516622,-0.31454456159586786,0.0,-0.3141592653589793
0.002855981629484192,-0.3148033537748046,0.0,-0.3141592653589793
0.002840540393979171,-0.31472202408704436,0.0,-0.3141592653589793
0.0028347417019059778,-0.31455103333733353,0.0,-0.3141592653589793
0.0028246524826760055,-0.31416273897152913,0.0,-0.3141592653589793
0.002792949528583985,-0.31295993624297586,0.0,-0.3141592653589793
0.0025198997673048272,-0.3052240471937154,0.0,-0.3141592653589793
0.00460291477570176,-0.28670626706210184,0.0,-0.3141592653589793
0.0029082459161919707,-0.3109285526506942,0.0,-0.3141592653589793
0.0027854432620445764,-0.311375589184658,0.0,-0.3141592653589793
0.0027834740738682485,-0.3111432568346585,0.0,-0.3141592653589793
0.002778262167909906,-0.31114986949960316,0.0,-0.3141592653589793
0.0027845596333736624,-0.31146831338537667,0.0,-0.3141592653589793
0.0027884455363896415,-0.31174596508192043,0.0,-0.3141592653589793
0.002791156561102572,-0.3119344961116301,0.0,-0.3141592653589793
0.002795528898944742,-0.31222134412494945,0.0,-0.3141592653589793
0.0028003025512651613,-0.31250531059452763,0.0,-0.3141592653589793
0.0028050023490248637,-0.31279092076501164,0.0,-0.3141592653589793
0.002809690409479899,-0.313080407477312,0.0,-0.3141592653589793
0.0028149071684430357,-0.3133717543377286,0.0,-0.3141592653589793
0.002821078955352436,-0.31366247923008994,0.0,0.0
2.6086216318452558e-05,-0.0004779808978098905,0.0,0.0
2.6251252546864745e-05,-0.00047880630976834766,0.0,0.0
2.646665889081298e-05,-0.000479927157721281,0.0,0.0
2.6649828848021062e-05,-0.0004809183759667429,0.0,0.0
2.6806833529419884e-05,-0.00048180535124554277,0.0,0.0
2.694206259075777e-05,-0.0004826047280445789,0.0,0.0
2.7059568207862658e-05,-0.0004833344997156526,0.0,0.0
2.7194545372556883e-05,-0.00048422383351406543,0.0,0.0
2.7253230090700482e-05,-0.0004846311744807112,0.0,0.0
0.02912138230504127,0.013147724322173879,0.2,0.0
0.08546832089694438,0.0394073758145211,0.2,0.0
0.16056326347943548,0.11377151507996337,0.2,0.0
0.18275542514922613,0.11379807114735556,0.2,0.0
0.1994677450903533,0.0029683407174986693,0.2,0.0
0.19992246389684787,-0.0003737606942629681,0.2,0.0
0.2001435180334914,-0.00036817239578851096,0.2,0.0
0.20023683186831914,0.00019821698139473138,0.2,0.0
0.19886451004316136,0.008340367060595297,0.2,0.0
0.1995994956163565,-0.00047603443189330147,0.2,0.0
0.19980846578318215,-0.00023140101563055374,0.2,0.0
0.2000176759601067,-0.00032815987834495136,0.2,0.0
0.20024184931072003,-0.00037869853824639457,0.2,0.0
0.20005853276819427,0.001371307315488855,0.2,0.0
0.20005593190415558,0.0025164112976863787,0.2,0.0
0.1998399071399827,-0.00027462203019922564,0.2,0.0
0.20005546740582683,-0.00034339376131624274,0.2,0.0
0.2002080002265373,-0.0003700469738874133,0.2,0.0
0.20018279353451227,0.0007308677745588809,0.2,0.0
0.20003532260277715,0.0015909857975716394,0.2,0.0
0.19980309279308375,-0.0002216645446562909,0.2,0.0
0.19994037041754562,-0.0003367312835746018,0.2,0.0
0.2001685038610372,-0.00036995146307821156,0.2,0.0
0.2002230861722819,0.00037011979225670644,0.2,0.0
0.19951090708238797,0.003389359791560665,0.2,0.0
0.19975351621256154,0.0001759449276988133,0.2,0.0
0.19990413399250398,-0.00034194163172701094,0.2,0.0
0.20020246550660054,-0.0003699100910298397,0.2,0.0
0.20024453700446712,8.58778647199933e-05,0.2,0.0
0.19858858509670588,0.01030718441590794,0.2,0.0
0.19975253596292974,0.00034615271577232473,0.2,0.0
0.19993626881081508,-0.00034848942318794427,0.2,0.0
0.2001622139157352,-0.0003680706233817526,0.2,0.0
0.20022740853129675,0.0003235653012945091,0.2,0.0
0.1991620456028832,0.0074378910567946665,0.2,0.0
0.19961182270240432,-0.00033876630870942304,0.2,0.0
0.1998242989879079,-0.0002527245574439265,0.2,0.0
0.20011913291229774,-0.00036040286795457243,0.2,0.0
0.20025566413582058,-0.00035741816973704286,0.2,0.0
0.19994286035532857,0.0020673896643660715,0.2,0.0
0.19989313886288707,0.0014073812139101525,0.2,0.0
0.19978892457888955,-0.00019441720127522913,0.2,0.0
0.19999207034068306,-0.0003069332166859707,0.2,0.0
0.20025587317467936,-0.00018845609507960615,0.2,0.0
0.20014379904303076,0.0009160957145026504,0.2,0.0
0.19957039425895687,-0.0006118508393938034,0.2,0.0
0.19975617040325752,-0.00013322627779526936,0.2,0.0
0.2000305032281177,-0.0003294551791033503,0.2,0.0
0.20018637308659512,-0.0003682546555960673,0.2,0.0
0.19999277519585673,0.0017549874597510375,0.2,0.0
0.2000062485619271,-0.0003401941229805721,0.0,-0.3141592653589793
0.1644840687930712,0.1909036466963374,0.0,-0.3141592653589793
0.11139555395562185,0.32625795664106466,0.0,-0.3141592653589793
0.0803366912265271,0.26248686777270686,0.0,-0.3141592653589793
0.07491000298699688,0.22210817442620667,0.0,-0.3141592653589793
0.06798330676436742,0.17037517925659607,0.0,-0.3141592653589793
0.054481052708542504,0.07027290090173846,0.0,-0.3141592653589793
0.030994088659309787,-0.10417712276167578,0.0,-0.3141592653589793
0.005908570335274349,-0.29052967120464585,0.0,-0.3141592653589793
0.002984027786051438,-0.3123749403699708,0.0,-0.3141592653589793
0.002993552107498397,-0.31263515688446625,0.0,-0.3141592653589793
0.0029996905715500843,-0.31290707802857504,0.0,-0.3141592653589793
0.0030023729908671545,-0.313087434216077,0.0,-0.3141592653589793
0.0030040149486561503,-0.31335498190433003,0.0,-0.3141592653589793
0.00300322194982552,-0.31368089961325607,0.0,-0.3141592653589793
0.0029829953596049595,-0.3137520264124939,0.0,-0.3141592653589793
0.0029160592371694502,-0.31378107454543963,0.0,-0.3141592653589793
0.00287666912444095,-0.3137576844442101,0.0,-0.3141592653589793
0.002800155590011394,-0.31359795705654103,0.0,-0.3141592653589793
0.0014199288820336351,-0.30491916327632607,0.0,-0.3141592653589793
0.0011877253170557893,-0.28814334787723,0.0,-0.3141592653589793
0.002169446247631348,-0.31043772636703876,0.0,-0.3141592653589793
0.0025483050215855084,-0.3130882565380985,0.0,-0.3141592653589793
0.0025165019961566337,-0.3127992321813438,0.0,-0.3141592653589793
0.0025271635630622798,-0.3126481475991748,0.0,-0.3141592653589793
0.002596315250443125,-0.31246736179370377,0.0,-0.3141592653589793
0.0026519581135197668,-0.31229586144336413,0.0,-0.3141592653589793
0.0033006585172021814,-0.30785741412816625,0.0,-0.3141592653589793
0.0037379043558516956,-0.304962349954901,0.0,-0.3141592653589793
0.002862046816404868,-0.3121026752137609,0.0,-0.3141592653589793
0.0028991393661089576,-0.31211354052787593,0.0,-0.3141592653589793
0.0029489880416120073,-0.31217106492349256,0.0,-0.3141592653589793
0.0029860768365928578,-0.31229821130776103,0.0,-0.3141592653589793
0.0030032509243185677,-0.3126326289617769,0.0,-0.3141592653589793
0.003011096580455251,-0.31290214250594983,0.0,-0.3141592653589793
0.003014731036360899,-0.3130823038769039,0.0,-0.3141592653589793
0.0030177358738907307,-0.3133510643318345,0.0,-0.3141592653589793
0.00301611657125339,-0.3136084054344163,0.0,-0.3141592653589793
0.0029956168996363294,-0.313765489163641,0.0,-0.3141592653589793
0.0029482899133151537,-0.31380227027521557,0.0,-0.3141592653589793
0.0028914096463035486,-0.3137880570590245,0.0,-0.3141592653589793
0.0028224638630290192,-0.313680708299585,0.0,-0.3141592653589793
0.0022970375095460113,-0.31060600560301505,0.0,-0.3141592653589793
0.0003803915106490421,-0.2983905247881919,0.0,-0.3141592653589793
0.002679527513436459,-0.31372382314546116,0.0,-0.3141592653589793
0.002562592294579564,-0.3131228891431792,0.0,-0.3141592653589793
0.0025327063922310454,-0.31292139931469937,0.0,-0.3141592653589793
0.002539922531527816,-0.31267136198187656,0.0,-0.3141592653589793
0.0026058776664582483,-0.31248341764823007,0.0,-0.3141592653589793
0.0026600157672885256,-0.31229844099573806,0.0,-0.3141592653589793
0.0034516059964831798,-0.30676416671389023,0.0,0.0
0.000136422648936937,2.3198484119715155e-05,0.0,0.0
0.00014899960699324104,4.039979302305509e-05,0.0,0.0
0.00013349399299237628,0.00015314035474812477,0.0,0.0
0.00013201670305091142,0.00016607750217915944,0.0,0.0
0.00013231406706003607,0.00016822158797854574,0.0,0.0
0.000132337224968895,0.0001700344682432665,0.0,0.0
0.0001323718135597963,0.00017356747125463933,0.0,0.0
0.00013238910672942752,0.00017519322096050985,0.0,0.0
0.0001324101852619208,0.00017756442434170612,0.0,0.0
0.00013243231143944962,0.00017978250239368318,0.2,0.0
0.05014312014872035,-0.22945639767797046,0.2,0.0
0.1518171969503302,-0.28732835585955335,0.2,0.0
0.20021783279501065,-0.00022815562426906988,0.2,0.0
0.19906196165469514,0.008315608865635387,0.2,0.0
0.19988239286912962,0.00079787434268896,0.2,0.0
0.19977466305307465,-0.00010927700191045413,0.2,0.0
0.20000711823306605,-0.0005388646616940042,0.2,0.0
0.20016126889321506,-0.0005715657834640622,0.2,0.0
0.20017670610849184,0.0004516134662808284,0.2,0.0
0.20017754407331914,0.00041555981879795665,0.2,0.0
0.19974325736335463,-4.686260874811343e-05,0.2,0.0
0.1999638043062194,-0.0005064902055101773,0.2,0.0
0.20011990736663493,-0.0005762578470093056,0.2,0.0
0.20012289452145138,0.0009248145087749639,0.2,0.0
0.1992950948701547,0.005891959695577553,0.2,0.0
0.19988868386697817,0.0011605950863887483,0.2,0.0
0.19992349189830244,-0.00048234197507220197,0.2,0.0
0.2000765997894648,-0.0005680232738353836,0.2,0.0
0.20018248990126492,0.00039070212624080133,0.2,0.0
0.1986282292176467,0.010738799623946327,0.2,0.0
0.1995994225259063,-0.0006839543767030233,0.2,0.0
0.19989668887408382,-0.000549298159132237,0.2,0.0
0.20003248781790617,-0.0005529310033117752,0.2,0.0
0.20020768478114884,5.653761424879189e-05,0.2,0.0
0.19915441240139645,0.006867558641240342,0.2,0.0
0.19975384848469355,0.0005408033843879743,0.2,0.0
0.19979230991341715,-0.000364420292897834,0.2,0.0
0.19998943080263062,-0.0005244620666312451,0.2,0.0
0.20022095665450437,-0.00021840237722046995,0.2,0.0
0.20004197768621415,0.0015392616068221113,0.2,0.0
0.19959307416583924,-0.0007283058761033292,0.2,0.0
0.19978148499750162,-0.00017103136460709325,0.2,0.0
0.20002591283090645,-0.0005481519542392609,0.2,0.0
0.20022499030839302,-0.00044470355579543465,0.2,0.0
0.1996741044531887,0.004048378665458021,0.2,0.0
0.19991270866655356,0.0021949368817901355,0.2,0.0
0.19979288281200866,0.00015606042127233098,0.2,0.0
0.19991154253955926,-0.0005037126106941102,0.2,0.0
0.2001383155733229,-0.0005734143860509156,0.2,0.0
0.2001952116575246,0.00024257838940392127,0.2,0.0
0.19979742586856516,0.0022778007608775393,0.2,0.0
0.19981046952609993,0.00046871251379137694,0.2,0.0
0.19993691004670067,-0.00045937377540409424,0.2,0.0
0.20009564929545465,-0.0005696379659140299,0.2,0.0
0.20016550114634665,0.0005716185098037537,0.2,0.0
0.19879369153171653,0.009590106990101386,0.2,0.0
0.199701093444107,3.177214124957569e-05,0.2,0.0
0.19984197766383063,-0.00045819701567567097,0.2,0.0
0.2000514061662601,-0.0005589309796942514,0.2,0.0
0.20022370899625874,-0.00031790041315201014,0.0,-0.3141592653589793
0.14364704679525353,-0.17248116245778536,0.0,-0.3141592653589793
0.09688915265949816,-0.37776097311730156,0.0,-0.3141592653589793
0.05548761544553348,-0.6560293316419399,0.0,-0.3141592653589793
0.04438627897970529,-0.5839136541328251,0.0,-0.3141592653589793
0.0336504788628511,-0.513863917420436,0.0,-0.3141592653589793
0.0101115182739577,-0.3601867151278377,0.0,-0.3141592653589793
0.002646076250269814,-0.31216382897872047,0.0,-0.3141592653589793
0.002605501928454248,-0.3122348629482748,0.0,-0.3141592653589793
0.00259588611985246,-0.3124314811759795,0.0,-0.3141592653589793
0.0025938071113292766,-0.31267511602172554,0.0,-0.3141592653589793
0.0025972805789255056,-0.3129106426134426,0.0,-0.3141592653589793
0.002604140741518446,-0.3131555525346098,0.0,-0.3141592653589793
0.0026151787592077888,-0.31339670465847375,0.0,-0.3141592653589793
0.0026371953356261837,-0.3135954960262476,0.0,-0.3141592653589793
0.002702091853681001,-0.31369087852316657,0.0,-0.3141592653589793
0.0027398565782141043,-0.31371089929294477,0.0,-0.3141592653589793
0.0028063504019559676,-0.3136846390409375,0.0,-0.3141592653589793
0.0029621045023280252,-0.3130022971924452,0.0,-0.3141592653589793
0.0049165483297932515,-0.2989562621409208,0.0,-0.3141592653589793
0.0030557261952958055,-0.31320623034059164,0.0,-0.3141592653589793
0.0030674655582455523,-0.31329167895641813,0.0,-0.3141592653589793
0.003093177149990123,-0.3130251975558522,0.0,-0.3141592653589793
0.0030827132563161132,-0.31287647332856383,0.0,-0.3141592653589793
0.003012914402570104,-0.31262923150790517,0.0,-0.3141592653589793
0.0029617709502673156,-0.3124765741156772,0.0,-0.3141592653589793
0.0019840326884252163,-0.30644748474858596,0.0,-0.3141592653589793
0.0004695478082033239,-0.2906497501081297,0.0,-0.3141592653589793
0.002242904132203047,-0.30883591341059013,0.0,-0.3141592653589793
0.0026837120964124115,-0.31210418622049735,0.0,-0.3141592653589793
0.0026502244385925608,-0.3121205261781003,0.0,-0.3141592653589793
0.0026068505421702345,-0.31226170377127377,0.0,-0.3141592653589793
0.002602136435620918,-0.3124729227638466,0.0,-0.3141592653589793
0.002604823772518433,-0.3126356861006187,0.0,-0.3141592653589793
0.002610116387166399,-0.3129698373301871,0.0,-0.3141592653589793
0.0026148860784590716,-0.3131376502509898,0.0,-0.3141592653589793
0.002630053095796601,-0.31346892002324916,0.0,-0.3141592653589793
0.0026467468091412928,-0.3135907404726901,0.0,-0.3141592653589793
0.002692635373457242,-0.3136749498492743,0.0,-0.3141592653589793
0.002747438414151681,-0.31371599623008223,0.0,-0.3141592653589793
0.0028127136805555747,-0.31368796543941124,0.0,-0.3141592653589793
0.0033319969300558165,-0.31035401226051107,0.0,-0.3141592653589793
0.005516195186066739,-0.29461582893327437,0.0,-0.3141592653589793
0.002974598178138411,-0.3139252079049503,0.0,-0.3141592653589793
0.003080844932267321,-0.31332594335066194,0.0,-0.3141592653589793
0.0031115067155547617,-0.31316094948120893,0.0,-0.3141592653589793
0.0030866912465083956,-0.31286772856854117,0.0,-0.3141592653589793
0.0030350289333768974,-0.3127106066899712,0.0,-0.3141592653589793
0.0029925742741971433,-0.31260703267594664,0.0,-0.3141592653589793
0.0028860670429313048,-0.31222232791784477,0.0,-0.3141592653589793
0.0012888464460583588,-0.3020554392444336,0.0,0.0
0.003954422859025962,-0.024392009585460315,0.0,0.0
7.67322023842576e-06,0.0013560476102972392,0.0,0.0
2.075883283414143e-05,0.0011421839887431882,0.0,0.0
4.269993066323018e-05,0.0009974681785338997,0.0,0.0
5.1314424280384064e-05,0.000942952968879903,0.0,0.0
4.781764039947362e-05,0.00096725637782109,0.0,0.0
4.6113417164269854e-05,0.0009800348674798033,0.0,0.0
4.5038915758542874e-05,0.000988193966399749,0.0,0.0
4.6039312836365595e-05,0.0009828137879795628,0.0,0.0
4.634743737181487e-05,0.0009813922589037044,0.2,0.0
0.0348398580825933,0.21388962762141522,0.2,0.0
0.06456171251768662,0.022957461282798897,0.2,0.0
0.12126470639301663,-0.1554442570651911,0.2,0.0
0.19186687505375746,-0.060600449225367836,0.2,0.0
0.20019126174855797,-7.881790832208483e-05,0.2,0.0
0.1988161752856677,0.009607629645042989,0.2,0.0
0.19972680887301225,6.0881132903201704e-05,0.2,0.0
0.1998347492548096,-0.0005237665200363433,0.2,0.0
0.20011588974047184,-0.0006916873193992808,0.2,0.0
0.20020524968775882,-0.0004022187260970927,0.2,0.0
0.19891821374626736,0.009427925244516161,0.2,0.0
0.19985571892391618,0.0011981394175360788,0.2,0.0
0.19980892308136367,-0.0004099695502366359,0.2,0.0
0.20007296427311289,-0.0006864485294307407,0.2,0.0
0.20020699368545417,-0.0006172701951402535,0.2,0.0
0.19986298637782193,0.0026870785986076243,0.2,0.0
0.19975073695547696,0.0002639304906757329,0.2,0.0
0.1997990130628801,-0.0002109630008363617,0.2,0.0
0.19995092949309212,-0.0006076286166805621,0.2,0.0
0.20017793471465373,-0.0006869397345726523,0.2,0.0
0.20009845364127687,0.0009264377434313329,0.2,0.0
0.1998625574314168,0.0012799403858022372,0.2,0.0
0.19980732796663553,-0.00037879463469763387,0.2,0.0
0.19998720657062213,-0.0006377950899733202,0.2,0.0
0.20014000613995309,-0.0006865001926985282,0.2,0.0
0.20016376737034153,0.00033268723187197536,0.2,0.0
0.2002276005278029,6.563280489942802e-05,0.2,0.0
0.19987425384687105,0.0008411797076255601,0.2,0.0
0.19988417337663986,-0.0006158042383281009,0.2,0.0
0.20009849309623248,-0.0006880544668312655,0.2,0.0
0.20018944622864102,-1.7612655069370208e-05,0.2,0.0
0.19988123793696663,0.0015165061333704943,0.2,0.0
0.1996745300025046,-0.0003696120539616122,0.2,0.0
0.19984963005052608,-0.0005594610312871416,0.2,0.0
0.2001340028441633,-0.0006872643635012312,0.2,0.0
0.2002026708947634,-0.00029792129741871285,0.2,0.0
0.19860067605216758,0.011166503872821606,0.2,0.0
0.19981294196045685,0.0007884697406973531,0.2,0.0
0.19981502573851967,-0.0004846078083625091,0.2,0.0
0.20001234690299508,-0.0006526758864473927,0.2,0.0
0.20019231848676167,-6.398277418578332e-05,0.2,0.0
0.19905562558505735,0.007871535808186978,0.2,0.0
0.19968144301499205,-0.0003026487062075477,0.2,0.0
0.199803436420167,-0.00028990506281974287,0.2,0.0
0.19996952287437406,-0.0006216665180838779,0.2,0.0
0.20019341351040745,-0.000667466798668899,0.2,0.0
0.20003940864415456,0.001394652853923473,0.2,0.0
0.19991689330070278,0.001613313715198518,0.2,0.0
0.19980860111571977,1.0984290349660478e-05,0.2,0.0
0.16801617658105192,0.01377473298309706,0.0,-0.3141592653589793
0.10522673230665933,0.013690383996440505,0.0,-0.3141592653589793
0.026265984977763064,-0.1412506394035158,0.0,-0.3141592653589793
0.0028420308936033117,-0.3143217423561377,0.0,-0.3141592653589793
0.0028462943389604787,-0.3145990812883458,0.0,-0.3141592653589793
0.0028473054155710494,-0.3147689724949116,0.0,-0.3141592653589793
0.0028411808904792606,-0.31481475643933227,0.0,-0.3141592653589793
0.0028303512088473687,-0.31460203395831476,0.0,-0.3141592653589793
0.0028159647480610105,-0.3142469901540011,0.0,-0.3141592653589793
0.002774854215276263,-0.313270979755787,0.0,-0.3141592653589793
0.00271664515126174,-0.3080688721614996,0.0,-0.3141592653589793
0.00023835172446446513,-0.2793578556051749,0.0,-0.3141592653589793
0.002914665137904393,-0.3128648982492388,0.0,-0.3141592653589793
0.0027776060784313423,-0.31141116546139885,0.0,-0.3141592653589793
0.002768283759278913,-0.3111389176545284,0.0,-0.3141592653589793
0.002774958028651008,-0.3111578542976134,0.0,-0.3141592653589793
0.002777539795885297,-0.31140360539103407,0.0,-0.3141592653589793
0.002779665398418843,-0.3115850159580219,0.0,-0.3141592653589793
0.0027847072446359144,-0.31196765036406304,0.0,-0.3141592653589793
0.0027876124012074007,-0.31215756412903783,0.0,-0.3141592653589793
0.0027925036147565404,-0.312442621014417,0.0,-0.3141592653589793
0.0027973848027566988,-0.31272945238775585,0.0,-0.3141592653589793
0.0028022671411773456,-0.31301967012172766,0.0,-0.3141592653589793
0.002807698851445669,-0.3133113117866032,0.0,-0.3141592653589793
0.0028141704071545123,-0.31360211793369175,0.0,-0.3141592653589793
0.002821693719268842,-0.31389006226892846,0.0,-0.3141592653589793
0.002827495875140211,-0.3141832499339486,0.0,-0.3141592653589793
0.0028374136998007356,-0.31456914327058855,0.0,-0.3141592653589793
0.002840855678597492,-0.3147399575733391,0.0,-0.3141592653589793
0.0028392011645845525,-0.3147313173153824,0.0,-0.3141592653589793
0.002835494627255962,-0.3145739642860206,0.0,-0.3141592653589793
0.0028279883532672987,-0.3142089833097101,0.0,-0.3141592653589793
0.002809416056492547,-0.313184656509439,0.0,-0.3141592653589793
0.0027851511640652267,-0.3088477577871917,0.0,-0.3141592653589793
0.0013273182007760408,-0.28983028528768356,0.0,-0.3141592653589793
0.0028517168230417582,-0.3117762282940914,0.0,-0.3141592653589793
0.0027874915907954547,-0.3113874512778804,0.0,-0.3141592653589793
0.0027806576056762736,-0.31108872904922535,0.0,-0.3141592653589793
0.002794382478628614,-0.3110698943021771,0.0,-0.3141592653589793
0.002790099853082613,-0.3114056061283416,0.0,-0.3141592653589793
0.0027918340040989417,-0.3115880427700928,0.0,-0.3141592653589793
0.00279669682633351,-0.31197445790217926,0.0,-0.3141592653589793
0.0028013002122472637,-0.3122651161484501,0.0,-0.3141592653589793
0.0028047255857385463,-0.3124549372954147,0.0,-0.3141592653589793
0.0028114586777492657,-0.3128437445062022,0.0,-0.3141592653589793
0.002816574327273689,-0.31313791265347396,0.0,-0.3141592653589793
0.002822372664669048,-0.3134333350243857,0.0,-0.3141592653589793
0.0028268170789906466,-0.31362780057793416,0.0,-0.3141592653589793
0.0028343768763159053,-0.31391967941126836,0.0,-0.3141592653589793
0.0028413663816633863,-0.3142180781509648,0.0,-0.3141592653589793
0.0028478352642871394,-0.3145147450462338,0.0,0.0
3.659340782325835e-05,-0.001131110808915154,0.0,0.0
3.934429786003622e-05,-0.0011383399075186578,0.0,0.0
4.1090326113557594e-05,-0.0011424142186553174,0.0,0.0
4.339788898781176e-05,-0.001146798031440124,0.0,0.0
4.5892143273372306e-05,-0.0011512670881197666,0.0,0.0
4.694937255721587e-05,-0.001152972156962029,0.0,0.0
4.8266669131161966e-05,-0.0011554606323964643,0.0,0.0
4.932883099853609e-05,-0.001158203279515262,0.0,0.0
4.997795312563326e-05,-0.0011603756148506235,0.0,0.0
5.083336509898406e-05,-0.001162885808317439,0.0,0.0
5.1226629050324146e-05,-0.0011640340091633322,0.0,0.0
5.176522678080664e-05,-0.001165698874381921,0.0,0.0
5.2231627842097405e-05,-0.0011672668093099824,0.0,0.0
5.2748760475263684e-05,-0.0011692095524079944,0.0,0.0
5.306751153805507e-05,-0.00117054648645181,0.0,0.0
5.32524803358578e-05,-0.0011713845224010546,0.0,0.0
5.350147736377464e-05,-0.0011725948937681848,0.0,0.0
5.371712876412159e-05,-0.0011737484687124175,0.0,0.0
5.396544677511769e-05,-0.0011752186900291475,0.0,0.0
5.412574317884299e-05,-0.001176271526155619,0.0,0.0
5.4222158281184604e-05,-0.001176948762046866,0.0,0.0
5.435626936590161e-05,-0.0011779526470816583,0.0,0.0
5.447827868152702e-05,-0.001178933369898805,0.0,0.0
5.458977293346911e-05,-0.001179896613571772,0.0,0.0
5.4693010811878844e-05,-0.001180844576518313,0.0,0.0
5.4789550037873247e-05,-0.0011817796541266116,0.0,0.0
5.4910392461835214e-05,-0.0011830163510021293,0.0,0.0
5.496669727294943e-05,-0.00118362058552157,0.0,0.0
5.504896836652465e-05,-0.0011845303629614919,0.0,0.0
5.51281528438724e-05,-0.0011854343626412798,0.0,0.0
5.5230356333169695e-05,-0.0011866384647800684,0.0,0.0
5.5304263007219794e-05,-0.0011875325698717653,0.0,0.0
5.537614513574477e-05,-0.0011884248595317754,0.0,0.0
5.5446688087821283e-05,-0.0011893148137944645,0.0,0.0
5.5492621327796935e-05,-0.0011899011329700587,0.0,0.0
5.5584597097284656e-05,-0.0011910896320669274,0.0,0.0
5.5652405214813264e-05,-0.0011919748464980836,0.0,0.0
5.569655992328219e-05,-0.0011925591756610607,0.0,0.0
5.5785312597868376e-05,-0.0011937450427286808,0.0,0.0
5.585101554267005e-05,-0.00119462937917267,0.0,0.0
5.589417139223869e-05,-0.001195212822945505,0.0,0.0
5.598138477922577e-05,-0.0011963969257515609,0.0,0.0
5.604643907982254e-05,-0.0011972795957887633,0.0,0.0
5.6111057659467673e-05,-0.0011981629599522126,0.0,0.0
5.61754813331637e-05,-0.0011990463011886656,0.0,0.0
5.623973590280143e-05,-0.0011999296719328008,0.0,0.0
5.628206357037455e-05,-0.0012005127338333293,0.0,0.0
5.634611393432423e-05,-0.001201396136966155,0.0,0.0
5.641008223611276e-05,-0.001202279398773914,0.0,0.0
5.649502964294394e-05,-0.0012034648674056304,0.0,0.0
5.6536778012292695e-05,-0.0012040490033242142,0.0,0.0
5.662142312150448e-05,-0.0012052352345604549,0.0,0.0
5.6663063422518996e-05,-0.0012058196321151234,0.0,0.0
5.672616756344322e-05,-0.0012067049561657252,0.0,0.0
5.6810303084174965e-05,-0.0012078923232284567,0.0,0.0
5.6851556980831e-05,-0.0012084776724327504,0.0,0.0
5.6935131927592395e-05,-0.0012096668060780713,0.0,0.0
5.6976161848937306e-05,-0.0012102529867440346,0.0,0.0
5.7038275759429355e-05,-0.001211141337075058,0.0,0.0
5.7100450906199815e-05,-0.0012120294408200201,0.0,0.0
5.7162232409342265e-05,-0.0012129186189240191,0.0,0.0
5.724472437230078e-05,-0.0012141110429212195,0.0,0.0
5.7285315219984105e-05,-0.0012146985158073276,0.0,0.0
5.734671463666613e-05,-0.0012155890443112023,0.0,0.0
5.7408058832554175e-05,-0.0012164798054174152,0.0,0.0
5.74694792116963e-05,-0.0012173702640283157,0.0,0.0
5.7530365152455676e-05,-0.0012182622024537965,0.0,0.0
5.7591152365676145e-05,-0.0012191544807772711,0.0,0.0
5.7651863580194606e-05,-0.001220047085970026,0.0,0.0
5.773302186072166e-05,-0.0012212440151215182,0.0,0.0
5.777299065296002e-05,-0.0012218335659807938,0.0,0.0
5.783349155131244e-05,-0.0012227269213962574,0.0,0.0
5.789349190946567e-05,-0.001223621664442188,0.0,0.0
5.795342425971651e-05,-0.0012245166362049376,0.0,0.0
5.803363370942329e-05,-0.0012257162523388837,0.0,0.0
5.8093391660249854e-05,-0.0012266118265017154,0.0,0.0
5.813285720423828e-05,-0.0012272027772011634,0.0,0.0
5.8192445941334364e-05,-0.0012280987040062406,0.0,0.0
5.825079179116597e-05,-0.0012288199652308678,0.0,0.0
5.8343634010091965e-05,-0.0012297786964987022,0.0,0.0
5.838978719468318e-05,-0.0012302701997708354,0.0,0.0
5.848357750761536e-05,-0.001231286209086332,0.0,0.0
5.8553010928258935e-05,-0.001232054774281984,0.0,0.0
5.8598209048645965e-05,-0.0012325670508394958,0.0,0.0
5.8665954822005974e-05,-0.0012333494977139138,0.0,0.0
5.8756463061305884e-05,-0.001234403511557877,0.0,0.0
5.8800841802069226e-05,-0.0012349246109620235,0.0,0.0
5.8867820075192714e-05,-0.0012357161156346906,0.0,0.0
5.893212035049201e-05,-0.0012365203619264973,0.0,0.0
5.8993653228066984e-05,-0.001237336526254908,0.0,0.0
5.9053394027663e-05,-0.0012381611482246673,0.0,0.0
5.911175071039956e-05,-0.0012389930067830137,0.0,0.0
5.9169257253327434e-05,-0.0012398297733637372,0.0,0.0
5.9225674871912175e-05,-0.001240671735340906,0.0,0.0
5.928101564572365e-05,-0.0012415187426526436,0.0,0.0
5.9335500345447976e-05,-0.0012423702262392778,0.0,0.0
5.9407246797873434e-05,-0.0012435176251783932,0.0,0.0
5.945982729582151e-05,-0.0012443787531462467,0.0,0.0
5.95107115671849e-05,-0.0012452474578248354,0.0,0.0
5.9560513815335926e-05,-0.0012461207706025734,0.0,0.0
5.959331799950894e-05,-0.0012466972467133635,0.0,0.0
5.965976002610106e-05,-0.0012478678828619437,0.0,0.0
5.96924103917557e-05,-0.0012484445362066824,0.0,0.0
5.975845336304513e-05,-0.0012496158109569287,0.0,0.0
5.979060073620995e-05,-0.0012501937005708341,0.0,0.0
5.9855708410121534e-05,-0.0012513671921347315,0.0,0.0
5.988769062493514e-05,-0.0012519452772615323,0.0,0.0
5.995225876554639e-05,-0.0012531201028901987,0.0,0.0
5.998401598289165e-05,-0.001253698697313266,0.0,0.0
6.0047650715951964e-05,-0.0012548756539320044,0.0,0.0
6.009490100107729e-05,-0.0012557544449567997,0.0,0.0
6.012601483225929e-05,-0.0012563345355517883,0.0,0.0
6.017304393480102e-05,-0.0012572136109246486,0.0,0.0
6.021993585590076e-05,-0.0012580928167491825,0.0,0.0
6.028207251080908e-05,-0.0012592724067947403,0.0,0.0
6.031242621855264e-05,-0.0012598541613246708,0.0,0.0
6.0358219968978566e-05,-0.0012607361667790805,0.0,0.0
6.040387152673457e-05,-0.001261618327084703,0.0,0.0
6.04493785601864e-05,-0.0012625006102629133,0.0,0.0
6.049444876684155e-05,-0.0012633837542932083,0.0,0.0
6.0554529990779856e-05,-0.0012645673494698405,0.0,0.0
6.058402762273943e-05,-0.001265150383500496,0.0,0.0
6.0643683333761715e-05,-0.0012663344681555213,0.0,0.0
6.0672897000842145e-05,-0.0012669181257714223,0.0,0.0
6.071679733828496e-05,-0.001267803148407113,0.0,0.0
6.077513884707682e-05,-0.0012689897890591016,0.0,0.0
6.08185778975607e-05,-0.0012698751622070648,0.0,0.0
6.0847159917922575e-05,-0.0012704595603560782,0.0,0.0
6.089034076638904e-05,-0.0012713450883527285,0.0,0.0
6.094760209850553e-05,-0.001272532748093066,0.0,0.0
6.098999874779932e-05,-0.0012734191099313483,0.0,0.0
6.101796031587537e-05,-0.001274003631897744,0.0,0.0
6.107444855993573e-05,-0.0012751902135087517,0.0,0.0
6.110219522192243e-05,-0.0012757744232881018,0.0,0.0
6.114398867206402e-05,-0.0012766596333741054,0.0,0.0
6.118533918437123e-05,-0.0012775454815028777,0.0,0.0
6.122659138877257e-05,-0.0012784309117081377,0.0,0.0
6.126774556195692e-05,-0.0012793160858729463,0.0,0.0
6.130880708744764e-05,-0.0012802009445678408,0.0,0.0
6.134960759932018e-05,-0.0012810857893393686,0.0,0.0
6.70421898510935e-05,-0.001276866112646277,0.0,0.0
6.711562908702421e-05,-0.0012780527405490856,0.0,0.0
6.715249827472741e-05,-0.0012786390529157896,0.0,0.0
6.720917184750529e-05,-0.0012795295804728863,0.0,0.0
6.728634345544435e-05,-0.0012807262595171968,0.0,0.0
6.732476527078513e-05,-0.001281316827741817,0.0,0.0
6.738331864515727e-05,-0.0012822128220255807,0.0,0.0
6.746218172734719e-05,-0.0012834155383892824,0.0,0.0
6.750103198094668e-05,-0.0012840088896219886,0.0,0.0
6.756008541306946e-05,-0.0012849085391020436,0.0,0.0
6.763947223850021e-05,-0.0012861150292060631,0.0,0.0
6.767864585645017e-05,-0.0012867095915442578,0.0,0.0
6.773801415739778e-05,-0.0012876108938695485,0.0,0.0
6.781759653315206e-05,-0.0012888191254257497,0.0,0.0
6.785654885333258e-05,-0.0012894148282350142,0.0,0.0
6.791551681565999e-05,-0.0012903176802646827,0.0,0.0
6.79744502417021e-05,-0.0012912207558880679,0.0,0.0
6.8033335510952e-05,-0.0012921239086186318,0.0,0.0
6.81120864561284e-05,-0.001293334326624152,0.0,0.0
6.817070553856112e-05,-0.001294237809887667,0.0,0.0
6.82093901273588e-05,-0.0012948338782874226,0.0,0.0
6.826760145668283e-05,-0.0012957376577805181,0.0,0.0
6.834575302886437e-05,-0.0012969477988109188,0.0,0.0
6.840394623143118e-05,-0.0012978507589557257,0.0,0.0
6.846199900381205e-05,-0.001298753670436643,0.0,0.0
6.851985651640591e-05,-0.001299656716491531,0.0,0.0
6.855797575312886e-05,-0.0013002526655984288,0.0,0.0
6.8615663922765e-05,-0.0013011553398099395,0.0,0.0
